<?xml version="1.0" encoding="UTF-8" ?>
<!DOCTYPE mapper
  PUBLIC "-//mybatis.org//DTD Mapper 3.0//EN"
  "http://mybatis.org/dtd/mybatis-3-mapper.dtd">
<mapper namespace="product">
	
	<select id="getGrid" resultType="product.ProductVO">
		select * from products
	</select>
	
	<select id="getRow" parameterType="product.ProductVO" resultType="product.ProductVO">
		select * from products where pcode = #{pcode}
	</select>
	
	<insert id="insertRow" parameterType="product.ProductVO">
		insert into products (
			pcode,pname,price,quant,pdesc
		)
		values(
			#{pcode},#{pname},#{price},#{quant},#{pdesc}
		) 
	</insert>
	
	<update id="updateRow" parameterType="product.ProductVO">
		update products 
		   set pname = #{pname},
		   	   price = #{price},
		   	   quant = #{quant}, 
		   	   pdesc = #{pdesc}
		 where pcode = #{pcode}
	</update>
	
	<delete id="deleteRow" parameterType="product.ProductVO">
		delete from products where pcode = #{pcode} 
	</delete>
</mapper>