<?xml version="1.0" encoding="UTF-8"?>
<beans xmlns="http://www.springframework.org/schema/beans"
	xmlns:xsi="http://www.w3.org/2001/XMLSchema-instance"
	xmlns:context="http://www.springframework.org/schema/context"
	xmlns:mvc="http://www.springframework.org/schema/mvc"
	xsi:schemaLocation="http://www.springframework.org/schema/mvc http://www.springframework.org/schema/mvc/spring-mvc-3.2.xsd
		http://www.springframework.org/schema/beans http://www.springframework.org/schema/beans/spring-beans.xsd
		http://www.springframework.org/schema/context http://www.springframework.org/schema/context/spring-context-3.2.xsd">

<context:component-scan base-package="controller"/>

   <!--  ViewResolver 설정  -->
<bean id="viewResolver"
 class="org.springframework.web.servlet.view.InternalResourceViewResolver">
		<property name="prefix"  value="/WEB-INF/view/" />
		<property name="suffix"  value=".jsp" /> 	 
</bean>

<bean id="localeResolver"
   class="org.springframework.web.servlet.i18n.SessionLocaleResolver"/>

<mvc:interceptors>
     <bean class="org.springframework.web.servlet.i18n.LocaleChangeInterceptor">
        <property name="paramName" value="lang"/>
     </bean>
</mvc:interceptors>


</beans>
