<?xml version="1.0" encoding="UTF-8"?>
<beans xmlns="http://www.springframework.org/schema/beans"
	xmlns:xsi="http://www.w3.org/2001/XMLSchema-instance"
	xmlns:context="http://www.springframework.org/schema/context"
	xmlns:p="http://www.springframework.org/schema/p"
	xmlns:aop="http://www.springframework.org/schema/aop"
	xsi:schemaLocation="http://www.springframework.org/schema/aop http://www.springframework.org/schema/aop/spring-aop-3.2.xsd
		http://www.springframework.org/schema/beans http://www.springframework.org/schema/beans/spring-beans.xsd
		http://www.springframework.org/schema/context http://www.springframework.org/schema/context/spring-context-3.2.xsd">

   <context:component-scan base-package="user,aop"/>
   <aop:aspectj-autoproxy/>
   
   <bean id="messageSource" 
 class="org.springframework.context.support.ResourceBundleMessageSource">
        <property name="basenames">
             <value>messages.user</value>
        </property>
   </bean>
   
   <!-- <bean id="u_advice" class="aop.Advice"/>
   <aop:config>
       <aop:pointcut id="pc" 
           expression="execution(* user.service.UserService.login(..))" />
       <aop:aspect ref="u_advice">
           <aop:after-throwing method="log" 
                       pointcut-ref="pc" throwing="ex"/>
           <aop:around method="around" pointcut-ref="pc"/>            
       </aop:aspect>
   </aop:config>
    -->
</beans>
