<?xml version="1.0" encoding="UTF-8" ?>
<!DOCTYPE mapper
  PUBLIC "-//mybatis.org//DTD Mapper 3.0//EN"
  "http://mybatis.org/dtd/mybatis-3-mapper.dtd">
<mapper namespace="lab.spring.mapper.userMapper">
	  
	  <select id="view" resultType="lab.spring.product.Product"  
	                    parameterType="string" >
	      select * from products where pcode = #{pcode} 
	  </select>
	   <select id="list" resultType="lab.spring.product.Product">
	      select * from products  
	  </select>
	  <insert id="add" parameterType="lab.spring.product.Product" >
	      insert into products (pcode, pname, price, quant, pdesc)  
	      values (#{pcode}, #{pname},#{price},#{quant},#{pdesc})
	  </insert>
	  <update id="update" parameterType="lab.spring.product.Product">
	  		update products set pname=#{pname},price=#{price},quant=#{quant} ,pdesc=#{pdesc}
	  		where  pcode  = #{pcode}
	  </update>
	   <delete id="delete" parameterType="lab.spring.product.Product">
	  		delete from products where  pcode  = #{pcode} 
	  </delete>
	  
</mapper>