<?xml version="1.0" encoding="UTF-8"?>
<beans xmlns="http://www.springframework.org/schema/beans"
	xmlns:xsi="http://www.w3.org/2001/XMLSchema-instance"
	xmlns:context="http://www.springframework.org/schema/context"
	xmlns:p="http://www.springframework.org/schema/p"
	xsi:schemaLocation="http://www.springframework.org/schema/beans http://www.springframework.org/schema/beans/spring-beans.xsd
		http://www.springframework.org/schema/context http://www.springframework.org/schema/context/spring-context-3.2.xsd">
 	<context:annotation-config/>
 	<context:component-scan base-package="lab.spring"/>
 
	<!-- ViewResolver 설정해야 한다 꼭-->
	<bean id="viewResolver"
		class="org.springframework.web.servlet.view.InternalResourceViewResolver">
		<property name="prefix" value="/WEB-INF/view/"/><!-- 보안상 직접 접금 X -->
		<property name="suffix" value=".jsp"/>
	</bean>
	
	<!-- JNDI 기반의 DataSource 빈 설정예시 -->
	<!-- <bean id="dataSource" class="org.springframework.jndi.JndiObjectFactoryBean">
		<property name="jndiName" value="jdbc/oracle" />
		<property name="resourceRef" value="true" />
	</bean> -->
	
	<bean id="dataSource" 
         class="org.apache.commons.dbcp.BasicDataSource"
         p:driverClassName="oracle.jdbc.OracleDriver" 
         p:url="jdbc:oracle:thin:@localhost:1521:xe" 
         p:username="hr"
         p:password="hr">
   </bean>
	
    <!-- 빌더 역할을 하는 빈이다. -->
	 <bean id="sqlSessionFactory" class="org.mybatis.spring.SqlSessionFactoryBean">
 		 <property name="dataSource" ref="dataSource" />
 		 <property name="mapperLocations" value="classpath*:lab/spring/mappers/*Mapper.xml" />
 		 
	 </bean>
	
	<bean id="sqlSession" class="org.mybatis.spring.SqlSessionTemplate">
       <constructor-arg index="0" ref="sqlSessionFactory" />
    </bean>

</beans>
